CONTINENT,trend_c_per_decade_1970_present
Europe,0.424730795300433
North America,0.34337288902722674
Asia,0.3255056153993318
Africa,0.2653657362476166
South America,0.23410438657978624
Oceania,0.1865213484565648
Antarctica,0.06359778354461511
